[{"model": "auth.permission", "pk": 1, "fields": {"name": "Can add log entry", "content_type": 1, "codename": "add_logentry"}}, {"model": "auth.permission", "pk": 2, "fields": {"name": "Can change log entry", "content_type": 1, "codename": "change_logentry"}}, {"model": "auth.permission", "pk": 3, "fields": {"name": "Can delete log entry", "content_type": 1, "codename": "delete_logentry"}}, {"model": "auth.permission", "pk": 4, "fields": {"name": "Can view log entry", "content_type": 1, "codename": "view_logentry"}}, {"model": "auth.permission", "pk": 5, "fields": {"name": "Can add permission", "content_type": 2, "codename": "add_permission"}}, {"model": "auth.permission", "pk": 6, "fields": {"name": "Can change permission", "content_type": 2, "codename": "change_permission"}}, {"model": "auth.permission", "pk": 7, "fields": {"name": "Can delete permission", "content_type": 2, "codename": "delete_permission"}}, {"model": "auth.permission", "pk": 8, "fields": {"name": "Can view permission", "content_type": 2, "codename": "view_permission"}}, {"model": "auth.permission", "pk": 9, "fields": {"name": "Can add group", "content_type": 3, "codename": "add_group"}}, {"model": "auth.permission", "pk": 10, "fields": {"name": "Can change group", "content_type": 3, "codename": "change_group"}}, {"model": "auth.permission", "pk": 11, "fields": {"name": "Can delete group", "content_type": 3, "codename": "delete_group"}}, {"model": "auth.permission", "pk": 12, "fields": {"name": "Can view group", "content_type": 3, "codename": "view_group"}}, {"model": "auth.permission", "pk": 13, "fields": {"name": "Can add content type", "content_type": 4, "codename": "add_contenttype"}}, {"model": "auth.permission", "pk": 14, "fields": {"name": "Can change content type", "content_type": 4, "codename": "change_contenttype"}}, {"model": "auth.permission", "pk": 15, "fields": {"name": "Can delete content type", "content_type": 4, "codename": "delete_contenttype"}}, {"model": "auth.permission", "pk": 16, "fields": {"name": "Can view content type", "content_type": 4, "codename": "view_contenttype"}}, {"model": "auth.permission", "pk": 17, "fields": {"name": "Can add session", "content_type": 5, "codename": "add_session"}}, {"model": "auth.permission", "pk": 18, "fields": {"name": "Can change session", "content_type": 5, "codename": "change_session"}}, {"model": "auth.permission", "pk": 19, "fields": {"name": "Can delete session", "content_type": 5, "codename": "delete_session"}}, {"model": "auth.permission", "pk": 20, "fields": {"name": "Can view session", "content_type": 5, "codename": "view_session"}}, {"model": "auth.permission", "pk": 21, "fields": {"name": "Can add course", "content_type": 6, "codename": "add_course"}}, {"model": "auth.permission", "pk": 22, "fields": {"name": "Can change course", "content_type": 6, "codename": "change_course"}}, {"model": "auth.permission", "pk": 23, "fields": {"name": "Can delete course", "content_type": 6, "codename": "delete_course"}}, {"model": "auth.permission", "pk": 24, "fields": {"name": "Can view course", "content_type": 6, "codename": "view_course"}}, {"model": "auth.permission", "pk": 25, "fields": {"name": "Can add user", "content_type": 7, "codename": "add_user"}}, {"model": "auth.permission", "pk": 26, "fields": {"name": "Can change user", "content_type": 7, "codename": "change_user"}}, {"model": "auth.permission", "pk": 27, "fields": {"name": "Can delete user", "content_type": 7, "codename": "delete_user"}}, {"model": "auth.permission", "pk": 28, "fields": {"name": "Can view user", "content_type": 7, "codename": "view_user"}}, {"model": "auth.permission", "pk": 29, "fields": {"name": "Can add enrollment", "content_type": 8, "codename": "add_enrollment"}}, {"model": "auth.permission", "pk": 30, "fields": {"name": "Can change enrollment", "content_type": 8, "codename": "change_enrollment"}}, {"model": "auth.permission", "pk": 31, "fields": {"name": "Can delete enrollment", "content_type": 8, "codename": "delete_enrollment"}}, {"model": "auth.permission", "pk": 32, "fields": {"name": "Can view enrollment", "content_type": 8, "codename": "view_enrollment"}}, {"model": "auth.permission", "pk": 33, "fields": {"name": "Can add course videos", "content_type": 9, "codename": "add_coursevideos"}}, {"model": "auth.permission", "pk": 34, "fields": {"name": "Can change course videos", "content_type": 9, "codename": "change_coursevideos"}}, {"model": "auth.permission", "pk": 35, "fields": {"name": "Can delete course videos", "content_type": 9, "codename": "delete_coursevideos"}}, {"model": "auth.permission", "pk": 36, "fields": {"name": "Can view course videos", "content_type": 9, "codename": "view_coursevideos"}}, {"model": "auth.permission", "pk": 37, "fields": {"name": "Can add course likes", "content_type": 10, "codename": "add_courselikes"}}, {"model": "auth.permission", "pk": 38, "fields": {"name": "Can change course likes", "content_type": 10, "codename": "change_courselikes"}}, {"model": "auth.permission", "pk": 39, "fields": {"name": "Can delete course likes", "content_type": 10, "codename": "delete_courselikes"}}, {"model": "auth.permission", "pk": 40, "fields": {"name": "Can view course likes", "content_type": 10, "codename": "view_courselikes"}}, {"model": "auth.permission", "pk": 41, "fields": {"name": "Can add course rating", "content_type": 11, "codename": "add_courserating"}}, {"model": "auth.permission", "pk": 42, "fields": {"name": "Can change course rating", "content_type": 11, "codename": "change_courserating"}}, {"model": "auth.permission", "pk": 43, "fields": {"name": "Can delete course rating", "content_type": 11, "codename": "delete_courserating"}}, {"model": "auth.permission", "pk": 44, "fields": {"name": "Can view course rating", "content_type": 11, "codename": "view_courserating"}}, {"model": "auth.permission", "pk": 45, "fields": {"name": "Can add course comments", "content_type": 12, "codename": "add_coursecomments"}}, {"model": "auth.permission", "pk": 46, "fields": {"name": "Can change course comments", "content_type": 12, "codename": "change_coursecomments"}}, {"model": "auth.permission", "pk": 47, "fields": {"name": "Can delete course comments", "content_type": 12, "codename": "delete_coursecomments"}}, {"model": "auth.permission", "pk": 48, "fields": {"name": "Can view course comments", "content_type": 12, "codename": "view_coursecomments"}}, {"model": "auth.permission", "pk": 49, "fields": {"name": "Can add progress tracking", "content_type": 13, "codename": "add_progresstracking"}}, {"model": "auth.permission", "pk": 50, "fields": {"name": "Can change progress tracking", "content_type": 13, "codename": "change_progresstracking"}}, {"model": "auth.permission", "pk": 51, "fields": {"name": "Can delete progress tracking", "content_type": 13, "codename": "delete_progresstracking"}}, {"model": "auth.permission", "pk": 52, "fields": {"name": "Can view progress tracking", "content_type": 13, "codename": "view_progresstracking"}}, {"model": "auth.permission", "pk": 53, "fields": {"name": "Can add course progress tracking", "content_type": 13, "codename": "add_courseprogresstracking"}}, {"model": "auth.permission", "pk": 54, "fields": {"name": "Can change course progress tracking", "content_type": 13, "codename": "change_courseprogresstracking"}}, {"model": "auth.permission", "pk": 55, "fields": {"name": "Can delete course progress tracking", "content_type": 13, "codename": "delete_courseprogresstracking"}}, {"model": "auth.permission", "pk": 56, "fields": {"name": "Can view course progress tracking", "content_type": 13, "codename": "view_courseprogresstracking"}}, {"model": "auth.permission", "pk": 57, "fields": {"name": "Can add quiz", "content_type": 14, "codename": "add_quiz"}}, {"model": "auth.permission", "pk": 58, "fields": {"name": "Can change quiz", "content_type": 14, "codename": "change_quiz"}}, {"model": "auth.permission", "pk": 59, "fields": {"name": "Can delete quiz", "content_type": 14, "codename": "delete_quiz"}}, {"model": "auth.permission", "pk": 60, "fields": {"name": "Can view quiz", "content_type": 14, "codename": "view_quiz"}}, {"model": "auth.permission", "pk": 61, "fields": {"name": "Can add question", "content_type": 15, "codename": "add_question"}}, {"model": "auth.permission", "pk": 62, "fields": {"name": "Can change question", "content_type": 15, "codename": "change_question"}}, {"model": "auth.permission", "pk": 63, "fields": {"name": "Can delete question", "content_type": 15, "codename": "delete_question"}}, {"model": "auth.permission", "pk": 64, "fields": {"name": "Can view question", "content_type": 15, "codename": "view_question"}}, {"model": "auth.permission", "pk": 65, "fields": {"name": "Can add question attempt", "content_type": 16, "codename": "add_questionattempt"}}, {"model": "auth.permission", "pk": 66, "fields": {"name": "Can change question attempt", "content_type": 16, "codename": "change_questionattempt"}}, {"model": "auth.permission", "pk": 67, "fields": {"name": "Can delete question attempt", "content_type": 16, "codename": "delete_questionattempt"}}, {"model": "auth.permission", "pk": 68, "fields": {"name": "Can view question attempt", "content_type": 16, "codename": "view_questionattempt"}}, {"model": "auth.permission", "pk": 69, "fields": {"name": "Can add quiz attempt", "content_type": 17, "codename": "add_quizattempt"}}, {"model": "auth.permission", "pk": 70, "fields": {"name": "Can change quiz attempt", "content_type": 17, "codename": "change_quizattempt"}}, {"model": "auth.permission", "pk": 71, "fields": {"name": "Can delete quiz attempt", "content_type": 17, "codename": "delete_quizattempt"}}, {"model": "auth.permission", "pk": 72, "fields": {"name": "Can view quiz attempt", "content_type": 17, "codename": "view_quizattempt"}}, {"model": "auth.permission", "pk": 73, "fields": {"name": "Can add answer attempt", "content_type": 18, "codename": "add_answerattempt"}}, {"model": "auth.permission", "pk": 74, "fields": {"name": "Can change answer attempt", "content_type": 18, "codename": "change_answerattempt"}}, {"model": "auth.permission", "pk": 75, "fields": {"name": "Can delete answer attempt", "content_type": 18, "codename": "delete_answerattempt"}}, {"model": "auth.permission", "pk": 76, "fields": {"name": "Can view answer attempt", "content_type": 18, "codename": "view_answerattempt"}}, {"model": "auth.permission", "pk": 77, "fields": {"name": "Can add course video", "content_type": 9, "codename": "add_coursevideo"}}, {"model": "auth.permission", "pk": 78, "fields": {"name": "Can change course video", "content_type": 9, "codename": "change_coursevideo"}}, {"model": "auth.permission", "pk": 79, "fields": {"name": "Can delete course video", "content_type": 9, "codename": "delete_coursevideo"}}, {"model": "auth.permission", "pk": 80, "fields": {"name": "Can view course video", "content_type": 9, "codename": "view_coursevideo"}}, {"model": "contenttypes.contenttype", "pk": 1, "fields": {"app_label": "admin", "model": "logentry"}}, {"model": "contenttypes.contenttype", "pk": 2, "fields": {"app_label": "auth", "model": "permission"}}, {"model": "contenttypes.contenttype", "pk": 3, "fields": {"app_label": "auth", "model": "group"}}, {"model": "contenttypes.contenttype", "pk": 4, "fields": {"app_label": "contenttypes", "model": "contenttype"}}, {"model": "contenttypes.contenttype", "pk": 5, "fields": {"app_label": "sessions", "model": "session"}}, {"model": "contenttypes.contenttype", "pk": 6, "fields": {"app_label": "api", "model": "course"}}, {"model": "contenttypes.contenttype", "pk": 7, "fields": {"app_label": "api", "model": "user"}}, {"model": "contenttypes.contenttype", "pk": 8, "fields": {"app_label": "api", "model": "enrollment"}}, {"model": "contenttypes.contenttype", "pk": 9, "fields": {"app_label": "api", "model": "coursevideo"}}, {"model": "contenttypes.contenttype", "pk": 10, "fields": {"app_label": "api", "model": "courselikes"}}, {"model": "contenttypes.contenttype", "pk": 11, "fields": {"app_label": "api", "model": "courserating"}}, {"model": "contenttypes.contenttype", "pk": 12, "fields": {"app_label": "api", "model": "coursecomments"}}, {"model": "contenttypes.contenttype", "pk": 13, "fields": {"app_label": "api", "model": "courseprogresstracking"}}, {"model": "contenttypes.contenttype", "pk": 14, "fields": {"app_label": "api", "model": "quiz"}}, {"model": "contenttypes.contenttype", "pk": 15, "fields": {"app_label": "api", "model": "question"}}, {"model": "contenttypes.contenttype", "pk": 16, "fields": {"app_label": "api", "model": "questionattempt"}}, {"model": "contenttypes.contenttype", "pk": 17, "fields": {"app_label": "api", "model": "quizattempt"}}, {"model": "contenttypes.contenttype", "pk": 18, "fields": {"app_label": "api", "model": "answerattempt"}}, {"model": "sessions.session", "pk": "6buy5e6wd83hujyzp4z3oibtrfspzhsc", "fields": {"session_data": ".eJxVjMsOwiAQRf-FtSEMz-LSvd9AGBikaiAp7cr479qkC93ec859sRC3tYZt0BLmzM4MBDv9jhjTg9pO8j22W-ept3WZke8KP-jg157peTncv4MaR_3WWFzRkpyTIhqSAE4TkvbaAACqTFZFJYxPpmCByRohHOEE2RsLviT2_gD5tzeh:1tQ4ew:tVXlWIiRbQ_fHGOEGRpxgBJvKVF-zqeLs9jibTF_MlM", "expire_date": "2025-01-07T13:09:14.122Z"}}, {"model": "api.user", "pk": "1", "fields": {"password": "pbkdf2_sha256$870000$gvlCbLRzsdiHNSksLQ89Ac$L1i3NyZRJX5/8fvJChi1q09NM5PMNIrP5RwiLR3wEEA=", "last_login": null, "is_superuser": false, "first_name": "", "last_name": "", "is_staff": false, "is_active": true, "date_joined": "2024-11-27T12:46:53.113Z", "email": "admin@gmail.com", "username": "admin", "role": "admin", "groups": [], "user_permissions": []}}, {"model": "api.user", "pk": "10", "fields": {"password": "pbkdf2_sha256$870000$2s5xYsqHQDzGdUZITXj2Ka$ZAk6sVcubYMsRmRoTGEtYA3lu0J4HCro/cgKUQkhK9c=", "last_login": "2024-12-24T13:09:14.111Z", "is_superuser": true, "first_name": "", "last_name": "", "is_staff": true, "is_active": true, "date_joined": "2024-12-24T13:08:37.782Z", "email": "sriram@gmail.com", "username": "sriram", "role": "student", "groups": [], "user_permissions": []}}, {"model": "api.user", "pk": "11", "fields": {"password": "pbkdf2_sha256$870000$GqKVjpVmC1fLP2LcgYSWvO$4pPp8UUFfQ8mubA+jLdMBhwlqPSKMuhPd6i+qVtntX8=", "last_login": null, "is_superuser": false, "first_name": "", "last_name": "", "is_staff": false, "is_active": true, "date_joined": "2024-12-24T13:16:20.394Z", "email": "taragutierrez@example.net", "username": "dyoung", "role": "instructor", "groups": [], "user_permissions": []}}, {"model": "api.user", "pk": "12", "fields": {"password": "pbkdf2_sha256$870000$usFm4oZJLBAMfUh0eSYayf$A/J6E2ct+BmHs983wZtWkSZOo+ek6Br3oWZsm2bkh6M=", "last_login": null, "is_superuser": false, "first_name": "", "last_name": "", "is_staff": false, "is_active": true, "date_joined": "2024-12-24T13:16:21.173Z", "email": "anthonyfarmer@example.org", "username": "greencaroline", "role": "instructor", "groups": [], "user_permissions": []}}, {"model": "api.user", "pk": "13", "fields": {"password": "pbkdf2_sha256$870000$avEvshr42eB8F7FfFbs3bV$DEbm4AmTRgCzhNrp+V7qRSb5eTvRU6Ty38XnxyJF944=", "last_login": null, "is_superuser": false, "first_name": "", "last_name": "", "is_staff": false, "is_active": true, "date_joined": "2024-12-24T13:16:21.990Z", "email": "nicholas23@example.net", "username": "tandrews", "role": "instructor", "groups": [], "user_permissions": []}}, {"model": "api.user", "pk": "14", "fields": {"password": "pbkdf2_sha256$870000$x63zZF5ktI7NavAerXZM4a$WoMurDuVm18cER0ydQsV5Qko4lIZ/U2ElF+HQUTyPH4=", "last_login": null, "is_superuser": false, "first_name": "", "last_name": "", "is_staff": false, "is_active": true, "date_joined": "2024-12-24T13:18:32.927Z", "email": "markmorrow@example.com", "username": "dunnpaul", "role": "instructor", "groups": [], "user_permissions": []}}, {"model": "api.user", "pk": "15", "fields": {"password": "pbkdf2_sha256$870000$rKIeNG9AUSIn1Pua6K1Eur$j5gbKDD2Gb9Vc39OnQygNV6HoH+qOrjkco2agJEg4Fw=", "last_login": null, "is_superuser": false, "first_name": "", "last_name": "", "is_staff": false, "is_active": true, "date_joined": "2024-12-24T13:18:33.769Z", "email": "jonescourtney@example.com", "username": "smithleah", "role": "instructor", "groups": [], "user_permissions": []}}, {"model": "api.user", "pk": "16", "fields": {"password": "pbkdf2_sha256$870000$Ceal0d3dqCcuHWLuufE3Jx$2mGo3mGzoLnkxHDCgUGEMW6FddP3tqz/dpbicmQQwhE=", "last_login": null, "is_superuser": false, "first_name": "", "last_name": "", "is_staff": false, "is_active": false, "date_joined": "2024-12-24T13:18:34.538Z", "email": "randall90@example.org", "username": "taylorronald", "role": "instructor", "groups": [], "user_permissions": []}}, {"model": "api.user", "pk": "2", "fields": {"password": "pbkdf2_sha256$870000$OoJhoDNVuwGmgOaJkgvQlU$wHtW/Y22I6XsO6ba08N9rArlnCAc379fOo+1e1yKULQ=", "last_login": null, "is_superuser": false, "first_name": "", "last_name": "", "is_staff": false, "is_active": true, "date_joined": "2024-11-27T12:48:13.576Z", "email": "instructor@gmail.com", "username": "instructor", "role": "instructor", "groups": [], "user_permissions": []}}, {"model": "api.user", "pk": "3", "fields": {"password": "pbkdf2_sha256$870000$iBsf3TMdPMrRMBK8jGHVA9$isUgxCLaUc4K1FEvDWWa7YsOhdYiOgcQa/PcLKGzCIg=", "last_login": null, "is_superuser": false, "first_name": "", "last_name": "", "is_staff": false, "is_active": true, "date_joined": "2024-11-27T12:48:21.838Z", "email": "instructor2@gmail.com", "username": "instructor2", "role": "instructor", "groups": [], "user_permissions": []}}, {"model": "api.user", "pk": "4", "fields": {"password": "pbkdf2_sha256$870000$FSSu5ScFeqYA2kmOJiyfpL$HXqZ45MImpFloEsZqs2Ur0/gGeMhgN+k/FI/6wrEROI=", "last_login": null, "is_superuser": false, "first_name": "", "last_name": "", "is_staff": false, "is_active": true, "date_joined": "2024-11-27T12:48:41.458Z", "email": "student@gmail.com", "username": "student", "role": "student", "groups": [], "user_permissions": []}}, {"model": "api.user", "pk": "5", "fields": {"password": "pbkdf2_sha256$870000$sSdda5ep3IzYkmr2KwBUNx$nnIqcrVCoeBFZSRvT+LnM0RnsMGTnIeyBRV+CwpR6XI=", "last_login": null, "is_superuser": false, "first_name": "", "last_name": "", "is_staff": false, "is_active": true, "date_joined": "2024-11-27T12:48:49.656Z", "email": "student2@gmail.com", "username": "student2", "role": "student", "groups": [], "user_permissions": []}}, {"model": "api.user", "pk": "6", "fields": {"password": "pbkdf2_sha256$870000$e93tuVyXtoYhAiyA1kg5II$IBsEQI9gPYOjr1IU83ismS5nhwi2/m0Y4/EKAa4PcwY=", "last_login": null, "is_superuser": false, "first_name": "", "last_name": "", "is_staff": false, "is_active": true, "date_joined": "2024-11-27T12:49:53.963Z", "email": "student3@gmail.com", "username": "student3", "role": "student", "groups": [], "user_permissions": []}}, {"model": "api.user", "pk": "9", "fields": {"password": "pbkdf2_sha256$870000$34ZB2DwnnZYwQycvZqN4vR$V7wM+OHTt4RGcqa518kC/L6tTLz11ivFjEFiotcJ+Lc=", "last_login": null, "is_superuser": false, "first_name": "", "last_name": "", "is_staff": false, "is_active": true, "date_joined": "2024-12-11T09:34:40.411Z", "email": "newstudent@gmail.com", "username": "newstudent", "role": "student", "groups": [], "user_permissions": []}}, {"model": "api.course", "pk": "1000", "fields": {"name": "course4", "description": "this the a 7 day course for noob", "likes": 0, "total_ratings": 0, "rating": 0.0, "is_deleted": false, "deleted_at": null, "instructors": []}}, {"model": "api.course", "pk": "1001", "fields": {"name": "Indeed necessary up.", "description": "Year piece difficult knowledge various. Notice billion for if new. Partner model player however move ahead. Second raise require. Tend must unit mention total relationship Democrat together.", "likes": 3238, "total_ratings": 4081, "rating": 1.0, "is_deleted": false, "deleted_at": null, "instructors": ["11", "12", "13"]}}, {"model": "api.course", "pk": "1002", "fields": {"name": "Southern threat require evening.", "description": "While medical in. Yourself experience party third. Data pick say recognize figure. Bill court data other water effort. Here need travel among position rich.", "likes": 7528, "total_ratings": 6675, "rating": 1.0, "is_deleted": false, "deleted_at": null, "instructors": ["11", "12", "13"]}}, {"model": "api.course", "pk": "1003", "fields": {"name": "Still however station yard point.", "description": "Occur month guy up set. Action poor church town accept century. Fly price attorney skill when allow organization. Cause two green explain goal. Care turn draw will. Significant four center physical project sound anyone.", "likes": 7281, "total_ratings": 49, "rating": 2.0, "is_deleted": false, "deleted_at": null, "instructors": ["11", "12", "13"]}}, {"model": "api.course", "pk": "1004", "fields": {"name": "Once west fund radio.", "description": "Movement once experience speech. Field letter agree team inside. Mother campaign senior news of. Cell alone all agent throughout born. Beyond hair any hit event explain. Rock common government account.", "likes": 6248, "total_ratings": 4764, "rating": 3.0, "is_deleted": false, "deleted_at": null, "instructors": ["11", "12", "13"]}}, {"model": "api.course", "pk": "1005", "fields": {"name": "Reflect maybe boy.", "description": "Particular none travel life similar sometimes much. Public whatever six. Attack war than against reason long. Model eat whatever network material. Improve east shake health environmental.", "likes": 286, "total_ratings": 2324, "rating": 5.0, "is_deleted": false, "deleted_at": null, "instructors": ["11", "12", "13"]}}, {"model": "api.course", "pk": "1006", "fields": {"name": "Figure land report push.", "description": "Quickly act source bill check break issue. Before concern challenge there between less. Front admit idea according bring about. Step care most hair. System finish meeting action future until campaign.", "likes": 3974, "total_ratings": 2030, "rating": 3.0, "is_deleted": false, "deleted_at": null, "instructors": ["11", "12", "13"]}}, {"model": "api.course", "pk": "1007", "fields": {"name": "Option back region bank box.", "description": "Fine official turn matter chance walk benefit. Each people attention sit week plan hold. Open member center state activity though require.", "likes": 9649, "total_ratings": 3256, "rating": 4.0, "is_deleted": false, "deleted_at": null, "instructors": ["11", "12", "13"]}}, {"model": "api.course", "pk": "1008", "fields": {"name": "Item another believe.", "description": "Trial hour although information rock morning. Right account attack least question. About cell itself nature opportunity instead dog. Herself loss three nation debate mission. There her most fact. Easy seat program common positive man.", "likes": 9617, "total_ratings": 798, "rating": 1.0, "is_deleted": false, "deleted_at": null, "instructors": ["11", "12", "13"]}}, {"model": "api.course", "pk": "1009", "fields": {"name": "Under set admit interesting look.", "description": "Be use charge international factor to. Old explain suggest. Response according protect everything physical.", "likes": 1419, "total_ratings": 20, "rating": 2.0, "is_deleted": false, "deleted_at": null, "instructors": ["11", "12", "13"]}}, {"model": "api.course", "pk": "1010", "fields": {"name": "Then be where.", "description": "Enough seem course certainly room someone your. Because art media member allow speech air. Drop boy likely discover state.", "likes": 7138, "total_ratings": 969, "rating": 1.0, "is_deleted": false, "deleted_at": null, "instructors": ["11", "12", "13"]}}, {"model": "api.course", "pk": "1011", "fields": {"name": "These painting expect deal.", "description": "Say series interesting bit give police reason. Can add voice participant gas although. Day land where example by. Group product couple dark.", "likes": 1091, "total_ratings": 4606, "rating": 2.0, "is_deleted": false, "deleted_at": null, "instructors": ["14", "15", "16"]}}, {"model": "api.course", "pk": "1012", "fields": {"name": "Audience foot thank.", "description": "Despite recently son long. Important drop mission hit. Understand close specific state. Understand some color age standard black ahead. Suggest with where here.", "likes": 6994, "total_ratings": 5216, "rating": 5.0, "is_deleted": false, "deleted_at": null, "instructors": ["14", "15", "16"]}}, {"model": "api.course", "pk": "1013", "fields": {"name": "Any first.", "description": "Serious least history computer him. Mouth method crime example itself. Window nation ground yeah night. Method lot owner catch nothing. Issue state every here cause first four.", "likes": 4884, "total_ratings": 8579, "rating": 5.0, "is_deleted": false, "deleted_at": null, "instructors": ["14", "15", "16"]}}, {"model": "api.course", "pk": "1014", "fields": {"name": "Per option around enter.", "description": "Tv bring marriage PM. Court policy resource house beautiful among film. Other throughout remember cold. Add me catch either quality.", "likes": 9409, "total_ratings": 3166, "rating": 5.0, "is_deleted": false, "deleted_at": null, "instructors": ["14", "15", "16"]}}, {"model": "api.course", "pk": "1015", "fields": {"name": "Stay wish true similar.", "description": "Model kind similar process talk office until. Often two material series age grow agency. Often difference husband keep dinner evening. Raise letter adult list adult health. New him event eight same subject.", "likes": 7746, "total_ratings": 6266, "rating": 3.0, "is_deleted": false, "deleted_at": null, "instructors": ["14", "15", "16"]}}, {"model": "api.course", "pk": "1016", "fields": {"name": "Yourself just scientist weight think.", "description": "Right upon miss find poor alone throughout both. Test spend old political pretty tree my whose. Spend floor same state myself. Strategy note eight summer through team player. Activity political avoid. Reduce unit and film themselves.", "likes": 3208, "total_ratings": 6230, "rating": 1.0, "is_deleted": false, "deleted_at": null, "instructors": ["14", "15", "16"]}}, {"model": "api.course", "pk": "1017", "fields": {"name": "Career money improve present.", "description": "Fund resource clearly eye tough try through. Ahead say order stuff recognize only each anything. Color professional offer born question debate. Light stuff professional employee help high. Something expert picture race rest there throw. Positive stock us recent herself just answer.", "likes": 9692, "total_ratings": 4700, "rating": 2.0, "is_deleted": false, "deleted_at": null, "instructors": ["14", "15", "16"]}}, {"model": "api.course", "pk": "1018", "fields": {"name": "Minute parent.", "description": "Billion trouble structure section head. Never our one employee. Old high many by world. Hour nature lawyer ball.", "likes": 9183, "total_ratings": 4948, "rating": 3.0, "is_deleted": false, "deleted_at": null, "instructors": ["14", "15", "16"]}}, {"model": "api.course", "pk": "1019", "fields": {"name": "Anything between sell.", "description": "Line than alone. Significant if here. Test cultural size. Challenge industry early site.", "likes": 4388, "total_ratings": 8234, "rating": 2.0, "is_deleted": false, "deleted_at": null, "instructors": ["14", "15", "16"]}}, {"model": "api.course", "pk": "4", "fields": {"name": "course1", "description": "this the a 7 day course for noob", "likes": 0, "total_ratings": 2, "rating": 3.0, "is_deleted": false, "deleted_at": null, "instructors": ["2", "3"]}}, {"model": "api.course", "pk": "5", "fields": {"name": "course2", "description": "this the a 7 day course for noob", "likes": 0, "total_ratings": 0, "rating": 0.0, "is_deleted": false, "deleted_at": null, "instructors": []}}, {"model": "api.course", "pk": "6", "fields": {"name": "course3", "description": "this the a 7 day course for noob", "likes": 0, "total_ratings": 0, "rating": 0.0, "is_deleted": false, "deleted_at": null, "instructors": []}}, {"model": "api.enrollment", "pk": 2, "fields": {"course": "4", "student": "4", "instructor": "2", "status": "approved"}}, {"model": "api.enrollment", "pk": 3, "fields": {"course": "4", "student": "5", "instructor": "2", "status": "approved"}}, {"model": "api.coursevideo", "pk": 4, "fields": {"course": "4", "title": "first video", "video": "videos/1_iRMrjxm.mp4", "order": 1, "created_at": "2024-12-12T12:54:20.146Z", "updated_at": "2024-12-12T12:54:20.146Z"}}, {"model": "api.courserating", "pk": 15, "fields": {"course": "4", "user": "1", "rating": 4, "created_at": "2024-11-28T10:55:16.491Z"}}, {"model": "api.courserating", "pk": 16, "fields": {"course": "4", "user": "4", "rating": 2, "created_at": "2024-11-28T10:55:24.022Z"}}, {"model": "api.courseprogresstracking", "pk": 12, "fields": {"student": "4", "course": "4", "created_at": "2024-12-12T13:38:33.844Z", "updated_at": "2024-12-12T13:38:45.397Z", "completed_videos": [4]}}, {"model": "api.courseprogresstracking", "pk": 13, "fields": {"student": "5", "course": "4", "created_at": "2024-12-13T10:27:41.487Z", "updated_at": "2024-12-13T10:27:41.487Z", "completed_videos": []}}, {"model": "api.quiz", "pk": 1, "fields": {"video": 4, "title": "first quiz", "description": "you dummy", "total_marks": 6, "passing_marks": 4, "created_at": "2024-12-18T09:16:59.418Z", "updated_at": "2024-12-19T11:26:53.468Z"}}, {"model": "api.quiz", "pk": 2, "fields": {"video": 4, "title": "secound quiz", "description": "you dummy", "total_marks": 3, "passing_marks": 2, "created_at": "2024-12-19T11:19:58.640Z", "updated_at": "2024-12-19T11:21:07.043Z"}}, {"model": "api.question", "pk": 1, "fields": {"quiz": 1, "question": "What is your name", "marks": 1, "created_at": "2024-12-18T09:45:20.968Z", "updated_at": "2024-12-18T09:45:20.968Z"}}, {"model": "api.question", "pk": 2, "fields": {"quiz": 1, "question": "Solve 4645789*347436/485743897", "marks": 2, "created_at": "2024-12-18T09:49:40.620Z", "updated_at": "2024-12-18T09:51:02.316Z"}}, {"model": "api.question", "pk": 3, "fields": {"quiz": 1, "question": "Solve 4645789*347436/485743897", "marks": 1, "created_at": "2024-12-19T11:20:31.155Z", "updated_at": "2024-12-19T11:20:31.155Z"}}, {"model": "api.question", "pk": 4, "fields": {"quiz": 1, "question": "Solve 4645789*347436/485743897", "marks": 2, "created_at": "2024-12-19T11:20:39.348Z", "updated_at": "2024-12-19T11:20:39.348Z"}}, {"model": "api.question", "pk": 5, "fields": {"quiz": 2, "question": "Solve 4645789*347436/485743897", "marks": 2, "created_at": "2024-12-19T11:21:01.185Z", "updated_at": "2024-12-19T11:21:01.185Z"}}, {"model": "api.question", "pk": 6, "fields": {"quiz": 2, "question": "Solve 4645789*347436/485743897", "marks": 1, "created_at": "2024-12-19T11:21:07.032Z", "updated_at": "2024-12-19T11:21:07.032Z"}}, {"model": "api.quizattempt", "pk": 8, "fields": {"quiz": 2, "student": "4", "marks_obtained": 2, "qualified_status": "passed", "created_at": "2024-12-24T05:56:44.074Z", "updated_at": "2024-12-24T06:02:47.855Z"}}, {"model": "api.quizattempt", "pk": 9, "fields": {"quiz": 2, "student": "4", "marks_obtained": 0, "qualified_status": "pending", "created_at": "2024-12-27T12:12:12.033Z", "updated_at": "2024-12-27T12:12:12.033Z"}}, {"model": "api.answerattempt", "pk": 9, "fields": {"quiz_attempt": 8, "question": 5, "answer": "a", "is_correct": true, "created_at": "2024-12-24T05:56:44.077Z", "updated_at": "2024-12-24T06:02:47.847Z"}}, {"model": "api.answerattempt", "pk": 10, "fields": {"quiz_attempt": 8, "question": 6, "answer": "b", "is_correct": false, "created_at": "2024-12-24T05:56:44.080Z", "updated_at": "2024-12-24T06:02:47.853Z"}}, {"model": "api.answerattempt", "pk": 11, "fields": {"quiz_attempt": 9, "question": 5, "answer": "a", "is_correct": false, "created_at": "2024-12-27T12:12:12.039Z", "updated_at": "2024-12-27T12:12:12.039Z"}}, {"model": "api.answerattempt", "pk": 12, "fields": {"quiz_attempt": 9, "question": 6, "answer": "b", "is_correct": false, "created_at": "2024-12-27T12:12:12.039Z", "updated_at": "2024-12-27T12:12:12.039Z"}}]